{
    "foreground_intensity_properties_per_channel": {
        "0": {
            "max": 251.0,
            "mean": 65.62371826171875,
            "median": 59.0,
            "min": 0.0,
            "percentile_00_5": 0.0,
            "percentile_99_5": 200.0,
            "std": 40.39045333862305
        }
    },
    "median_relative_size_after_cropping": 1.0,
    "shapes_after_crop": [
        [
            1,
            432,
            432
        ],
        [
            1,
            432,
            432
        ],
        [
            1,
            432,
            432
        ],
        [
            1,
            432,
            432
        ],
        [
            1,
            432,
            432
        ],
        [
            1,
            432,
            432
        ],
        [
            1,
            432,
            432
        ],
        [
            1,
            432,
            432
        ],
        [
            1,
            432,
            432
        ],
        [
            1,
            432,
            432
        ]
    ],
    "spacings": [
        [
            999,
            1,
            1
        ],
        [
            999,
            1,
            1
        ],
        [
            999,
            1,
            1
        ],
        [
            999,
            1,
            1
        ],
        [
            999,
            1,
            1
        ],
        [
            999,
            1,
            1
        ],
        [
            999,
            1,
            1
        ],
        [
            999,
            1,
            1
        ],
        [
            999,
            1,
            1
        ],
        [
            999,
            1,
            1
        ]
    ]
}