{
    "foreground_intensity_properties_per_channel": {
        "0": {
            "max": 255.0,
            "mean": 76.54029083251953,
            "median": 58.0,
            "min": 0.0,
            "percentile_00_5": 1.0,
            "percentile_99_5": 244.0,
            "std": 59.5504264831543
        }
    },
    "median_relative_size_after_cropping": 1.0,
    "shapes_after_crop": [
        [
            1,
            432,
            432
        ],
        [
            1,
            432,
            432
        ],
        [
            1,
            432,
            432
        ],
        [
            1,
            432,
            432
        ],
        [
            1,
            432,
            432
        ],
        [
            1,
            432,
            432
        ],
        [
            1,
            432,
            432
        ],
        [
            1,
            432,
            432
        ],
        [
            1,
            432,
            432
        ],
        [
            1,
            432,
            432
        ],
        [
            1,
            432,
            432
        ],
        [
            1,
            432,
            432
        ],
        [
            1,
            432,
            432
        ],
        [
            1,
            432,
            432
        ],
        [
            1,
            432,
            432
        ],
        [
            1,
            432,
            432
        ],
        [
            1,
            432,
            432
        ],
        [
            1,
            432,
            432
        ],
        [
            1,
            432,
            432
        ],
        [
            1,
            432,
            432
        ],
        [
            1,
            432,
            432
        ],
        [
            1,
            432,
            432
        ],
        [
            1,
            432,
            432
        ],
        [
            1,
            432,
            432
        ],
        [
            1,
            432,
            432
        ],
        [
            1,
            432,
            432
        ],
        [
            1,
            432,
            432
        ],
        [
            1,
            432,
            432
        ],
        [
            1,
            432,
            432
        ],
        [
            1,
            432,
            432
        ],
        [
            1,
            432,
            432
        ],
        [
            1,
            432,
            432
        ],
        [
            1,
            432,
            432
        ],
        [
            1,
            432,
            432
        ],
        [
            1,
            432,
            432
        ],
        [
            1,
            432,
            432
        ],
        [
            1,
            432,
            432
        ],
        [
            1,
            432,
            432
        ],
        [
            1,
            432,
            432
        ],
        [
            1,
            432,
            432
        ],
        [
            1,
            432,
            432
        ],
        [
            1,
            432,
            432
        ],
        [
            1,
            432,
            432
        ],
        [
            1,
            432,
            432
        ],
        [
            1,
            432,
            432
        ],
        [
            1,
            432,
            432
        ],
        [
            1,
            432,
            432
        ],
        [
            1,
            432,
            432
        ],
        [
            1,
            432,
            432
        ],
        [
            1,
            432,
            432
        ],
        [
            1,
            432,
            432
        ],
        [
            1,
            432,
            432
        ],
        [
            1,
            432,
            432
        ],
        [
            1,
            432,
            432
        ],
        [
            1,
            432,
            432
        ],
        [
            1,
            432,
            432
        ],
        [
            1,
            432,
            432
        ],
        [
            1,
            432,
            432
        ],
        [
            1,
            432,
            432
        ],
        [
            1,
            432,
            432
        ],
        [
            1,
            432,
            432
        ],
        [
            1,
            432,
            432
        ],
        [
            1,
            432,
            432
        ],
        [
            1,
            432,
            432
        ],
        [
            1,
            432,
            432
        ],
        [
            1,
            432,
            432
        ],
        [
            1,
            432,
            432
        ],
        [
            1,
            432,
            432
        ],
        [
            1,
            432,
            432
        ],
        [
            1,
            432,
            432
        ],
        [
            1,
            432,
            432
        ],
        [
            1,
            432,
            432
        ],
        [
            1,
            432,
            432
        ],
        [
            1,
            432,
            432
        ],
        [
            1,
            432,
            432
        ],
        [
            1,
            432,
            432
        ],
        [
            1,
            432,
            432
        ],
        [
            1,
            432,
            432
        ],
        [
            1,
            432,
            432
        ],
        [
            1,
            432,
            432
        ],
        [
            1,
            432,
            432
        ],
        [
            1,
            432,
            432
        ],
        [
            1,
            432,
            432
        ],
        [
            1,
            432,
            432
        ]
    ],