{
    "foreground_intensity_properties_per_channel": {
        "0": {
            "max": 255.0,
            "mean": 87.41591255072737,
            "median": 71.0,
            "min": 0.0,
            "percentile_00_5": 5.0,
            "percentile_99_5": 255.0,
            "std": 61.24392578524815
        },
        "1": {
            "max": 255.0,
            "mean": 87.21692131914354,
            "median": 71.0,
            "min": 0.0,
            "percentile_00_5": 5.0,
            "percentile_99_5": 255.0,
            "std": 59.414752427774665
        },
        "2": {
            "max": 255.0,
            "mean": 85.51308031159883,
            "median": 70.0,
            "min": 0.0,
            "percentile_00_5": 9.0,
            "percentile_99_5": 250.0,
            "std": 55.75663888175336
        }
    },
    "median_relative_size_after_cropping": 1.0,
    "shapes_after_crop": [
        [
            1,
            432,
            432
        ],
        [
            1,
            432,
            432
        ],
        [
            1,
            432,
            432
        ],
        [
            1,
            432,
            432
        ],
        [
            1,
            432,
            432
        ],
        [
            1,
            432,
            432
        ],
        [
            1,
            432,
            432
        ],
        [
            1,
            432,
            432
        ],
        [
            1,
            432,
            432
        ],
        [
            1,
            432,
            432
        ],
        [
            1,
            432,
            432
        ],
        [
            1,
            432,
            432
        ],
        [
            1,
            432,
            432
        ],
        [
            1,
            432,
            432
        ],
        [
            1,
            432,
            432
        ],
        [
            1,
            432,
            432
        ],
        [
            1,
            432,
            432
        ],
        [
            1,
            432,
            432
        ],
        [
            1,
            432,
            432
        ],
        [
            1,
            432,
            432
        ],
        [
            1,
            432,
            432
        ],
        [
            1,
            432,
            432
        ],
        [
            1,
            432,
            432
        ],
        [
            1,
            432,
            432
        ],
        [
            1,
            432,
            432
        ],
        [
            1,
            432,
            432
        ],
        [
            1,
            432,
            432
        ],
        [
            1,
            432,
            432
        ],
        [
            1,
            432,
            432
        ],
        [
            1,
            432,
            432
        ],
        [
            1,
            432,
            432
        ],
        [
            1,
            432,
            432
        ],
        [
            1,
            432,
            432
        ],
        [
            1,
            432,
            432
        ],
        [
            1,
            432,
            432
        ],
        [
            1,
            432,
            432
        ],
        [
            1,
            432,
            432
        ],
        [
            1,
            432,
            432
        ],
        [
            1,
            432,
            432
        ],
        [
            1,
            432,
            432
        ],
        [
            1,
            432,
            432
        ],
        [
            1,
            432,
            432
        ],
        [
            1,
            432,
            432
        ],
        [
            1,
            432,
            432
        ],
        [
            1,
            432,
            432
        ],
        [
            1,
            432,
            432
        ],
        [
            1,
            432,
            432
        ],
        [
            1,
            432,
            432
        ],
        [
            1,
            432,
            432
        ],
        [
            1,
            432,
            432
        ],
        [
            1,
            432,
            432
        ],
        [
            1,
            432,
            432
        ],
        [
            1,
            432,
            432
        ],
        [
            1,
            432,
            432
        ],
        [
            1,
            432,
            432
        ],
        [
            1,
            432,
            432
        ],
        [
            1,
            432,
            432
        ],
        [
            1,
            432,
            432
        ],
        [
            1,
            432,
            432
        ],
        [
            1,
            432,
            432
        ],
        [
            1,
            432,
            432
        ],
        [
            1,
            432,
            432
        ],
        [
            1,
            432,
            432
        ],
        [
            1,
            432,
            432
        ],
        [
            1,
            432,
            432
        ],
        [
            1,
            432,
            432
        ],
        [
            1,
            432,
            432
        ],
        [
            1,
            432,
            432
        ],
        [
            1,
            432,
            432
        ],
        [
            1,
            432,
            432
        ],
        [
            1,
            432,
            432
        ],
        [
            1,
            432,
            432
        ],
        [
            1,
            432,
            432
        ],
        [
            1,
            432,
            432
        ],
        [
            1,
            432,
            432
        ],
        [
            1,
            432,
            432
        ],
        [
            1,
            432,
            432
        ],
        [
            1,
            432,
            432
        ],
        [
            1,
            432,
            432
        ],
        [
            1,
            432,
            432
        ],
        [
            1,
            432,
            432
        ],
        [
            1,
            432,
            432
        ],
        [
            1,
            432,
            432
        ],
        [
            1,
            432,
            432
        ],
        [
            1,
            432,
            432
        ],
        [
            1,
            432,
            432
        ],
        [
            1,
            432,
            432
        ],
        [
            1,
            432,
            432
        ],
        [
            1,
            432,
            432
        ],
        [
            1,
            432,
            432
        ],
        [
            1,
            432,
            432
        ],
        [
            1,
            432,
            432
        ],
        [
            1,
            432,
            432
        ],
        [
            1,
            432,
            432
        ],
        [
            1,
            432,
            432
        ],
        [
            1,
            432,
            432
        ],
        [
            1,
            432,
            432
        ],
        [
            1,
            432,
            432
        ],
        [
            1,
            432,
            432
        ],
        [
            1,
            432,
            432
        ],
        [
            1,
            432,
            432
        ],
        [
            1,
            432,
            432
        ],
        [
            1,
            432,
            432
